,Summary Level,State Code (FIPS),County Code (FIPS),County Subdivision Code (FIPS),Place Code (FIPS),Consolidtated City Code (FIPS),Area Name (including legal/statistical area description),County Name
38113,40,48,0,0,0,0,Texas,Texas
38114,50,48,1,0,0,0,Anderson County,Anderson
38115,50,48,3,0,0,0,Andrews County,Andrews
38116,50,48,5,0,0,0,Angelina County,Angelina
38117,50,48,7,0,0,0,Aransas County,Aransas
38118,50,48,9,0,0,0,Archer County,Archer
38119,50,48,11,0,0,0,Armstrong County,Armstrong
38120,50,48,13,0,0,0,Atascosa County,Atascosa
38121,50,48,15,0,0,0,Austin County,Austin
38122,50,48,17,0,0,0,Bailey County,Bailey
38123,50,48,19,0,0,0,Bandera County,Bandera
38124,50,48,21,0,0,0,Bastrop County,Bastrop
38125,50,48,23,0,0,0,Baylor County,Baylor
38126,50,48,25,0,0,0,Bee County,Bee
38127,50,48,27,0,0,0,Bell County,Bell
38128,50,48,29,0,0,0,Bexar County,Bexar
38129,50,48,31,0,0,0,Blanco County,Blanco
38130,50,48,33,0,0,0,Borden County,Borden
38131,50,48,35,0,0,0,Bosque County,Bosque
38132,50,48,37,0,0,0,Bowie County,Bowie
38133,50,48,39,0,0,0,Brazoria County,Brazoria
38134,50,48,41,0,0,0,Brazos County,Brazos
38135,50,48,43,0,0,0,Brewster County,Brewster
38136,50,48,45,0,0,0,Briscoe County,Briscoe
38137,50,48,47,0,0,0,Brooks County,Brooks
38138,50,48,49,0,0,0,Brown County,Brown
38139,50,48,51,0,0,0,Burleson County,Burleson
38140,50,48,53,0,0,0,Burnet County,Burnet
38141,50,48,55,0,0,0,Caldwell County,Caldwell
38142,50,48,57,0,0,0,Calhoun County,Calhoun
38143,50,48,59,0,0,0,Callahan County,Callahan
38144,50,48,61,0,0,0,Cameron County,Cameron
38145,50,48,63,0,0,0,Camp County,Camp
38146,50,48,65,0,0,0,Carson County,Carson
38147,50,48,67,0,0,0,Cass County,Cass
38148,50,48,69,0,0,0,Castro County,Castro
38149,50,48,71,0,0,0,Chambers County,Chambers
38150,50,48,73,0,0,0,Cherokee County,Cherokee
38151,50,48,75,0,0,0,Childress County,Childress
38152,50,48,77,0,0,0,Clay County,Clay
38153,50,48,79,0,0,0,Cochran County,Cochran
38154,50,48,81,0,0,0,Coke County,Coke
38155,50,48,83,0,0,0,Coleman County,Coleman
38156,50,48,85,0,0,0,Collin County,Collin
38157,50,48,87,0,0,0,Collingsworth County,Collingsworth
38158,50,48,89,0,0,0,Colorado County,Colorado
38159,50,48,91,0,0,0,Comal County,Comal
38160,50,48,93,0,0,0,Comanche County,Comanche
38161,50,48,95,0,0,0,Concho County,Concho
38162,50,48,97,0,0,0,Cooke County,Cooke
38163,50,48,99,0,0,0,Coryell County,Coryell
38164,50,48,101,0,0,0,Cottle County,Cottle
38165,50,48,103,0,0,0,Crane County,Crane
38166,50,48,105,0,0,0,Crockett County,Crockett
38167,50,48,107,0,0,0,Crosby County,Crosby
38168,50,48,109,0,0,0,Culberson County,Culberson
38169,50,48,111,0,0,0,Dallam County,Dallam
38170,50,48,113,0,0,0,Dallas County,Dallas
38171,50,48,115,0,0,0,Dawson County,Dawson
38172,50,48,117,0,0,0,Deaf Smith County,Deaf
38173,50,48,119,0,0,0,Delta County,Delta
38174,50,48,121,0,0,0,Denton County,Denton
38175,50,48,123,0,0,0,DeWitt County,DeWitt
38176,50,48,125,0,0,0,Dickens County,Dickens
38177,50,48,127,0,0,0,Dimmit County,Dimmit
38178,50,48,129,0,0,0,Donley County,Donley
38179,50,48,131,0,0,0,Duval County,Duval
38180,50,48,133,0,0,0,Eastland County,Eastland
38181,50,48,135,0,0,0,Ector County,Ector
38182,50,48,137,0,0,0,Edwards County,Edwards
38183,50,48,139,0,0,0,Ellis County,Ellis
38184,50,48,141,0,0,0,El Paso County,El
38185,50,48,143,0,0,0,Erath County,Erath
38186,50,48,145,0,0,0,Falls County,Falls
38187,50,48,147,0,0,0,Fannin County,Fannin
38188,50,48,149,0,0,0,Fayette County,Fayette
38189,50,48,151,0,0,0,Fisher County,Fisher
38190,50,48,153,0,0,0,Floyd County,Floyd
38191,50,48,155,0,0,0,Foard County,Foard
38192,50,48,157,0,0,0,Fort Bend County,Fort
38193,50,48,159,0,0,0,Franklin County,Franklin
38194,50,48,161,0,0,0,Freestone County,Freestone
38195,50,48,163,0,0,0,Frio County,Frio
38196,50,48,165,0,0,0,Gaines County,Gaines
38197,50,48,167,0,0,0,Galveston County,Galveston
38198,50,48,169,0,0,0,Garza County,Garza
38199,50,48,171,0,0,0,Gillespie County,Gillespie
38200,50,48,173,0,0,0,Glasscock County,Glasscock
38201,50,48,175,0,0,0,Goliad County,Goliad
38202,50,48,177,0,0,0,Gonzales County,Gonzales
38203,50,48,179,0,0,0,Gray County,Gray
38204,50,48,181,0,0,0,Grayson County,Grayson
38205,50,48,183,0,0,0,Gregg County,Gregg
38206,50,48,185,0,0,0,Grimes County,Grimes
38207,50,48,187,0,0,0,Guadalupe County,Guadalupe
38208,50,48,189,0,0,0,Hale County,Hale
38209,50,48,191,0,0,0,Hall County,Hall
38210,50,48,193,0,0,0,Hamilton County,Hamilton
38211,50,48,195,0,0,0,Hansford County,Hansford
38212,50,48,197,0,0,0,Hardeman County,Hardeman
38213,50,48,199,0,0,0,Hardin County,Hardin
38214,50,48,201,0,0,0,Harris County,Harris
38215,50,48,203,0,0,0,Harrison County,Harrison
38216,50,48,205,0,0,0,Hartley County,Hartley
38217,50,48,207,0,0,0,Haskell County,Haskell
38218,50,48,209,0,0,0,Hays County,Hays
38219,50,48,211,0,0,0,Hemphill County,Hemphill
38220,50,48,213,0,0,0,Henderson County,Henderson
38221,50,48,215,0,0,0,Hidalgo County,Hidalgo
38222,50,48,217,0,0,0,Hill County,Hill
38223,50,48,219,0,0,0,Hockley County,Hockley
38224,50,48,221,0,0,0,Hood County,Hood
38225,50,48,223,0,0,0,Hopkins County,Hopkins
38226,50,48,225,0,0,0,Houston County,Houston
38227,50,48,227,0,0,0,Howard County,Howard
38228,50,48,229,0,0,0,Hudspeth County,Hudspeth
38229,50,48,231,0,0,0,Hunt County,Hunt
38230,50,48,233,0,0,0,Hutchinson County,Hutchinson
38231,50,48,235,0,0,0,Irion County,Irion
38232,50,48,237,0,0,0,Jack County,Jack
38233,50,48,239,0,0,0,Jackson County,Jackson
38234,50,48,241,0,0,0,Jasper County,Jasper
38235,50,48,243,0,0,0,Jeff Davis County,Jeff
38236,50,48,245,0,0,0,Jefferson County,Jefferson
38237,50,48,247,0,0,0,Jim Hogg County,Jim
38238,50,48,249,0,0,0,Jim Wells County,Jim
38239,50,48,251,0,0,0,Johnson County,Johnson
38240,50,48,253,0,0,0,Jones County,Jones
38241,50,48,255,0,0,0,Karnes County,Karnes
38242,50,48,257,0,0,0,Kaufman County,Kaufman
38243,50,48,259,0,0,0,Kendall County,Kendall
38244,50,48,261,0,0,0,Kenedy County,Kenedy
38245,50,48,263,0,0,0,Kent County,Kent
38246,50,48,265,0,0,0,Kerr County,Kerr
38247,50,48,267,0,0,0,Kimble County,Kimble
38248,50,48,269,0,0,0,King County,King
38249,50,48,271,0,0,0,Kinney County,Kinney
38250,50,48,273,0,0,0,Kleberg County,Kleberg
38251,50,48,275,0,0,0,Knox County,Knox
38252,50,48,277,0,0,0,Lamar County,Lamar
38253,50,48,279,0,0,0,Lamb County,Lamb
38254,50,48,281,0,0,0,Lampasas County,Lampasas
38255,50,48,283,0,0,0,La Salle County,La
38256,50,48,285,0,0,0,Lavaca County,Lavaca
38257,50,48,287,0,0,0,Lee County,Lee
38258,50,48,289,0,0,0,Leon County,Leon
38259,50,48,291,0,0,0,Liberty County,Liberty
38260,50,48,293,0,0,0,Limestone County,Limestone
38261,50,48,295,0,0,0,Lipscomb County,Lipscomb
38262,50,48,297,0,0,0,Live Oak County,Live
38263,50,48,299,0,0,0,Llano County,Llano
38264,50,48,301,0,0,0,Loving County,Loving
38265,50,48,303,0,0,0,Lubbock County,Lubbock
38266,50,48,305,0,0,0,Lynn County,Lynn
38267,50,48,307,0,0,0,McCulloch County,McCulloch
38268,50,48,309,0,0,0,McLennan County,McLennan
38269,50,48,311,0,0,0,McMullen County,McMullen
38270,50,48,313,0,0,0,Madison County,Madison
38271,50,48,315,0,0,0,Marion County,Marion
38272,50,48,317,0,0,0,Martin County,Martin
38273,50,48,319,0,0,0,Mason County,Mason
38274,50,48,321,0,0,0,Matagorda County,Matagorda
38275,50,48,323,0,0,0,Maverick County,Maverick
38276,50,48,325,0,0,0,Medina County,Medina
38277,50,48,327,0,0,0,Menard County,Menard
38278,50,48,329,0,0,0,Midland County,Midland
38279,50,48,331,0,0,0,Milam County,Milam
38280,50,48,333,0,0,0,Mills County,Mills
38281,50,48,335,0,0,0,Mitchell County,Mitchell
38282,50,48,337,0,0,0,Montague County,Montague
38283,50,48,339,0,0,0,Montgomery County,Montgomery
38284,50,48,341,0,0,0,Moore County,Moore
38285,50,48,343,0,0,0,Morris County,Morris
38286,50,48,345,0,0,0,Motley County,Motley
38287,50,48,347,0,0,0,Nacogdoches County,Nacogdoches
38288,50,48,349,0,0,0,Navarro County,Navarro
38289,50,48,351,0,0,0,Newton County,Newton
38290,50,48,353,0,0,0,Nolan County,Nolan
38291,50,48,355,0,0,0,Nueces County,Nueces
38292,50,48,357,0,0,0,Ochiltree County,Ochiltree
38293,50,48,359,0,0,0,Oldham County,Oldham
38294,50,48,361,0,0,0,Orange County,Orange
38295,50,48,363,0,0,0,Palo Pinto County,Palo
38296,50,48,365,0,0,0,Panola County,Panola
38297,50,48,367,0,0,0,Parker County,Parker
38298,50,48,369,0,0,0,Parmer County,Parmer
38299,50,48,371,0,0,0,Pecos County,Pecos
38300,50,48,373,0,0,0,Polk County,Polk
38301,50,48,375,0,0,0,Potter County,Potter
38302,50,48,377,0,0,0,Presidio County,Presidio
38303,50,48,379,0,0,0,Rains County,Rains
38304,50,48,381,0,0,0,Randall County,Randall
38305,50,48,383,0,0,0,Reagan County,Reagan
38306,50,48,385,0,0,0,Real County,Real
38307,50,48,387,0,0,0,Red River County,Red
38308,50,48,389,0,0,0,Reeves County,Reeves
38309,50,48,391,0,0,0,Refugio County,Refugio
38310,50,48,393,0,0,0,Roberts County,Roberts
38311,50,48,395,0,0,0,Robertson County,Robertson
38312,50,48,397,0,0,0,Rockwall County,Rockwall
38313,50,48,399,0,0,0,Runnels County,Runnels
38314,50,48,401,0,0,0,Rusk County,Rusk
38315,50,48,403,0,0,0,Sabine County,Sabine
38316,50,48,405,0,0,0,San Augustine County,San
38317,50,48,407,0,0,0,San Jacinto County,San
38318,50,48,409,0,0,0,San Patricio County,San
38319,50,48,411,0,0,0,San Saba County,San
38320,50,48,413,0,0,0,Schleicher County,Schleicher
38321,50,48,415,0,0,0,Scurry County,Scurry
38322,50,48,417,0,0,0,Shackelford County,Shackelford
38323,50,48,419,0,0,0,Shelby County,Shelby
38324,50,48,421,0,0,0,Sherman County,Sherman
38325,50,48,423,0,0,0,Smith County,Smith
38326,50,48,425,0,0,0,Somervell County,Somervell
38327,50,48,427,0,0,0,Starr County,Starr
38328,50,48,429,0,0,0,Stephens County,Stephens
38329,50,48,431,0,0,0,Sterling County,Sterling
38330,50,48,433,0,0,0,Stonewall County,Stonewall
38331,50,48,435,0,0,0,Sutton County,Sutton
38332,50,48,437,0,0,0,Swisher County,Swisher
38333,50,48,439,0,0,0,Tarrant County,Tarrant
38334,50,48,441,0,0,0,Taylor County,Taylor
38335,50,48,443,0,0,0,Terrell County,Terrell
38336,50,48,445,0,0,0,Terry County,Terry
38337,50,48,447,0,0,0,Throckmorton County,Throckmorton
38338,50,48,449,0,0,0,Titus County,Titus
38339,50,48,451,0,0,0,Tom Green County,Tom
38340,50,48,453,0,0,0,Travis County,Travis
38341,50,48,455,0,0,0,Trinity County,Trinity
38342,50,48,457,0,0,0,Tyler County,Tyler
38343,50,48,459,0,0,0,Upshur County,Upshur
38344,50,48,461,0,0,0,Upton County,Upton
38345,50,48,463,0,0,0,Uvalde County,Uvalde
38346,50,48,465,0,0,0,Val Verde County,Val
38347,50,48,467,0,0,0,Van Zandt County,Van
38348,50,48,469,0,0,0,Victoria County,Victoria
38349,50,48,471,0,0,0,Walker County,Walker
38350,50,48,473,0,0,0,Waller County,Waller
38351,50,48,475,0,0,0,Ward County,Ward
38352,50,48,477,0,0,0,Washington County,Washington
38353,50,48,479,0,0,0,Webb County,Webb
38354,50,48,481,0,0,0,Wharton County,Wharton
38355,50,48,483,0,0,0,Wheeler County,Wheeler
38356,50,48,485,0,0,0,Wichita County,Wichita
38357,50,48,487,0,0,0,Wilbarger County,Wilbarger
38358,50,48,489,0,0,0,Willacy County,Willacy
38359,50,48,491,0,0,0,Williamson County,Williamson
38360,50,48,493,0,0,0,Wilson County,Wilson
38361,50,48,495,0,0,0,Winkler County,Winkler
38362,50,48,497,0,0,0,Wise County,Wise
38363,50,48,499,0,0,0,Wood County,Wood
38364,50,48,501,0,0,0,Yoakum County,Yoakum
38365,50,48,503,0,0,0,Young County,Young
38366,50,48,505,0,0,0,Zapata County,Zapata
38367,50,48,507,0,0,0,Zavala County,Zavala
38368,162,48,0,0,100,0,Abbott city,Abbott
38369,162,48,0,0,160,0,Abernathy city,Abernathy
38370,162,48,0,0,1000,0,Abilene city,Abilene
38371,162,48,0,0,1108,0,Ackerly city,Ackerly
38372,162,48,0,0,1240,0,Addison town,Addison
38373,162,48,0,0,1324,0,Adrian city,Adrian
38374,162,48,0,0,1396,0,Agua Dulce city,Agua
38375,162,48,0,0,1576,0,Alamo city,Alamo
38376,162,48,0,0,1600,0,Alamo Heights city,Alamo
38377,162,48,0,0,1636,0,Alba town,Alba
38378,162,48,0,0,1648,0,Albany city,Albany
38379,162,48,0,0,1744,0,Aledo city,Aledo
38380,162,48,0,0,1852,0,Alice city,Alice
38381,162,48,0,0,1924,0,Allen city,Allen
38382,162,48,0,0,2044,0,Alma town,Alma
38383,162,48,0,0,2104,0,Alpine city,Alpine
38384,162,48,0,0,2188,0,Alto town,Alto
38385,162,48,0,0,2212,0,Alton city,Alton
38386,162,48,0,0,2260,0,Alvarado city,Alvarado
38387,162,48,0,0,2272,0,Alvin city,Alvin
38388,162,48,0,0,2284,0,Alvord town,Alvord
38389,162,48,0,0,3000,0,Amarillo city,Amarillo
38390,162,48,0,0,3072,0,Ames city,Ames
38391,162,48,0,0,3084,0,Amherst city,Amherst
38392,162,48,0,0,3144,0,Anahuac city,Anahuac
38393,162,48,0,0,3192,0,Anderson city,Anderson
38394,162,48,0,0,3216,0,Andrews city,Andrews
38395,162,48,0,0,3264,0,Angleton city,Angleton
38396,162,48,0,0,3288,0,Angus city,Angus
38397,162,48,0,0,3300,0,Anna city,Anna
38398,162,48,0,0,3336,0,Annetta town,Annetta
38399,162,48,0,0,3340,0,Annetta North town,Annetta
38400,162,48,0,0,3342,0,Annetta South town,Annetta
38401,162,48,0,0,3360,0,Annona town,Annona
38402,162,48,0,0,3372,0,Anson city,Anson
38403,162,48,0,0,3432,0,Anthony town,Anthony
38404,162,48,0,0,3540,0,Anton city,Anton
38405,162,48,0,0,3564,0,Appleby city,Appleby
38406,162,48,0,0,3588,0,Aquilla city,Aquilla
38407,162,48,0,0,3600,0,Aransas Pass city,Aransas
38408,162,48,0,0,3696,0,Archer City city,Archer
38409,162,48,0,0,3708,0,Arcola city,Arcola
38410,162,48,0,0,3768,0,Argyle city,Argyle
38411,162,48,0,0,4000,0,Arlington city,Arlington
38412,162,48,0,0,4156,0,Arp city,Arp
38413,162,48,0,0,4300,0,Asherton city,Asherton
38414,162,48,0,0,4408,0,Aspermont town,Aspermont
38415,162,48,0,0,4504,0,Athens city,Athens
38416,162,48,0,0,4516,0,Atlanta city,Atlanta
38417,162,48,0,0,4600,0,Aubrey city,Aubrey
38418,162,48,0,0,4672,0,Aurora city,Aurora
38419,162,48,0,0,5000,0,Austin city,Austin
38420,162,48,0,0,5036,0,Austwell city,Austwell
38421,162,48,0,0,5072,0,Avery town,Avery
38422,162,48,0,0,5084,0,Avinger town,Avinger
38423,162,48,0,0,5168,0,Azle city,Azle
38424,162,48,0,0,5264,0,Bailey city,Bailey
38425,162,48,0,0,5288,0,Bailey's Prairie village,Bailey's
38426,162,48,0,0,5336,0,Baird city,Baird
38427,162,48,0,0,5372,0,Balch Springs city,Balch
38428,162,48,0,0,5384,0,Balcones Heights city,Balcones
38429,162,48,0,0,5456,0,Ballinger city,Ballinger
38430,162,48,0,0,5468,0,Balmorhea city,Balmorhea
38431,162,48,0,0,5528,0,Bandera city,Bandera
38432,162,48,0,0,5552,0,Bangs city,Bangs
38433,162,48,0,0,5612,0,Bardwell city,Bardwell
38434,162,48,0,0,5708,0,Barry city,Barry
38435,162,48,0,0,5720,0,Barstow city,Barstow
38436,162,48,0,0,5732,0,Bartlett city,Bartlett
38437,162,48,0,0,5768,0,Bartonville town,Bartonville
38438,162,48,0,0,5864,0,Bastrop city,Bastrop
38439,162,48,0,0,5984,0,Bay City city,Bay
38440,162,48,0,0,6060,0,Bayou Vista city,Bayou
38441,162,48,0,0,6104,0,Bayside town,Bayside
38442,162,48,0,0,6128,0,Baytown city,Baytown
38443,162,48,0,0,6140,0,Bayview town,Bayview
38444,162,48,0,0,6200,0,Beach City city,Beach
38445,162,48,0,0,6242,0,Bear Creek village,Bear
38446,162,48,0,0,6272,0,Beasley city,Beasley
38447,162,48,0,0,7000,0,Beaumont city,Beaumont
38448,162,48,0,0,7108,0,Beckville city,Beckville
38449,162,48,0,0,7132,0,Bedford city,Bedford
38450,162,48,0,0,7144,0,Bedias city,Bedias
38451,162,48,0,0,7156,0,Bee Cave city,Bee
38452,162,48,0,0,7192,0,Beeville city,Beeville
38453,162,48,0,0,7300,0,Bellaire city,Bellaire
38454,162,48,0,0,7396,0,Bellevue city,Bellevue
38455,162,48,0,0,7408,0,Bellmead city,Bellmead
38456,162,48,0,0,7420,0,Bells town,Bells
38457,162,48,0,0,7432,0,Bellville city,Bellville
38458,162,48,0,0,7492,0,Belton city,Belton
38459,162,48,0,0,7528,0,Benavides city,Benavides
38460,162,48,0,0,7552,0,Benbrook city,Benbrook
38461,162,48,0,0,7636,0,Benjamin city,Benjamin
38462,162,48,0,0,7852,0,Berryville town,Berryville
38463,162,48,0,0,7864,0,Bertram city,Bertram
38464,162,48,0,0,8104,0,Beverly Hills city,Beverly
38465,162,48,0,0,8128,0,Bevil Oaks city,Bevil
38466,162,48,0,0,8212,0,Big Lake city,Big
38467,162,48,0,0,8224,0,Big Sandy town,Big
38468,162,48,0,0,8236,0,Big Spring city,Big
38469,162,48,0,0,8260,0,Big Wells city,Big
38470,162,48,0,0,8392,0,Bishop city,Bishop
38471,162,48,0,0,8398,0,Bishop Hills town,Bishop
38472,162,48,0,0,8488,0,Blackwell city,Blackwell
38473,162,48,0,0,8536,0,Blanco city,Blanco
38474,162,48,0,0,8596,0,Blanket town,Blanket
38475,162,48,0,0,8752,0,Bloomburg town,Bloomburg
38476,162,48,0,0,8788,0,Blooming Grove town,Blooming
38477,162,48,0,0,8812,0,Blossom city,Blossom
38478,162,48,0,0,8860,0,Blue Mound city,Blue
38479,162,48,0,0,8872,0,Blue Ridge city,Blue
38480,162,48,0,0,9004,0,Blum town,Blum
38481,162,48,0,0,9160,0,Boerne city,Boerne
38482,162,48,0,0,9172,0,Bogata city,Bogata
38483,162,48,0,0,9328,0,Bonham city,Bonham
38484,162,48,0,0,9388,0,Bonney village,Bonney
38485,162,48,0,0,9448,0,Booker town,Booker
38486,162,48,0,0,9556,0,Borger city,Borger
38487,162,48,0,0,9628,0,Bovina city,Bovina
38488,162,48,0,0,9640,0,Bowie city,Bowie
38489,162,48,0,0,9748,0,Boyd town,Boyd
38490,162,48,0,0,9868,0,Brackettville city,Brackettville
38491,162,48,0,0,9916,0,Brady city,Brady
38492,162,48,0,0,10072,0,Brazoria city,Brazoria
38493,162,48,0,0,10087,0,Brazos Bend city,Brazos
38494,162,48,0,0,10090,0,Brazos Country city,Brazos
38495,162,48,0,0,10132,0,Breckenridge city,Breckenridge
38496,162,48,0,0,10144,0,Bremond city,Bremond
38497,162,48,0,0,10156,0,Brenham city,Brenham
38498,162,48,0,0,10197,0,Briarcliff village,Briarcliff
38499,162,48,0,0,10216,0,Briaroaks city,Briaroaks
38500,162,48,0,0,10252,0,Bridge City city,Bridge
38501,162,48,0,0,10264,0,Bridgeport city,Bridgeport
38502,162,48,0,0,10384,0,Broaddus town,Broaddus
38503,162,48,0,0,10528,0,Bronte town,Bronte
38504,162,48,0,0,10636,0,Brookshire city,Brookshire
38505,162,48,0,0,10648,0,Brookside Village city,Brookside
38506,162,48,0,0,10708,0,Browndell city,Browndell
38507,162,48,0,0,10720,0,Brownfield city,Brownfield
38508,162,48,0,0,10756,0,Brownsboro city,Brownsboro
38509,162,48,0,0,10768,0,Brownsville city,Brownsville
38510,162,48,0,0,10780,0,Brownwood city,Brownwood
38511,162,48,0,0,10828,0,Bruceville-Eddy city,Bruceville-Eddy
38512,162,48,0,0,10912,0,Bryan city,Bryan
38513,162,48,0,0,10960,0,Bryson city,Bryson
38514,162,48,0,0,11020,0,Buckholts town,Buckholts
38515,162,48,0,0,11080,0,Buda city,Buda
38516,162,48,0,0,11116,0,Buffalo city,Buffalo
38517,162,48,0,0,11128,0,Buffalo Gap town,Buffalo
38518,162,48,0,0,11155,0,Buffalo Springs village,Buffalo
38519,162,48,0,0,11212,0,Bullard town,Bullard
38520,162,48,0,0,11224,0,Bulverde city,Bulverde
38521,162,48,0,0,11300,0,Bunker Hill Village city,Bunker
38522,162,48,0,0,11368,0,Burkburnett city,Burkburnett
38523,162,48,0,0,11380,0,Burke city,Burke
38524,162,48,0,0,11428,0,Burleson city,Burleson
38525,162,48,0,0,11464,0,Burnet city,Burnet
38526,162,48,0,0,11536,0,Burton city,Burton
38527,162,48,0,0,11644,0,Byers city,Byers
38528,162,48,0,0,11656,0,Bynum town,Bynum
38529,162,48,0,0,11692,0,Cactus city,Cactus
38530,162,48,0,0,11716,0,Caddo Mills city,Caddo
38531,162,48,0,0,11836,0,Caldwell city,Caldwell
38532,162,48,0,0,11968,0,Callisburg city,Callisburg
38533,162,48,0,0,11992,0,Calvert city,Calvert
38534,162,48,0,0,12040,0,Cameron city,Cameron
38535,162,48,0,0,12112,0,Campbell city,Campbell
38536,162,48,0,0,12388,0,Camp Wood city,Camp
38537,162,48,0,0,12412,0,Canadian city,Canadian
38538,162,48,0,0,12472,0,Caney City town,Caney
38539,162,48,0,0,12496,0,Canton city,Canton
38540,162,48,0,0,12532,0,Canyon city,Canyon
38541,162,48,0,0,12736,0,Carbon town,Carbon
38542,162,48,0,0,12895,0,Carl's Corner town,Carl's
38543,162,48,0,0,12916,0,Carmine city,Carmine
38544,162,48,0,0,12988,0,Carrizo Springs city,Carrizo
38545,162,48,0,0,13024,0,Carrollton city,Carrollton
38546,162,48,0,0,13108,0,Carthage city,Carthage
38547,162,48,0,0,13198,0,Cashion Community city,Cashion
38548,162,48,0,0,13276,0,Castle Hills city,Castle
38549,162,48,0,0,13312,0,Castroville city,Castroville
38550,162,48,0,0,13492,0,Cedar Hill city,Cedar
38551,162,48,0,0,13552,0,Cedar Park city,Cedar
38552,162,48,0,0,13672,0,Celeste city,Celeste
38553,162,48,0,0,13684,0,Celina city,Celina
38554,162,48,0,0,13732,0,Center city,Center
38555,162,48,0,0,13900,0,Centerville city,Centerville
38556,162,48,0,0,14224,0,Chandler city,Chandler
38557,162,48,0,0,14260,0,Channing city,Channing
38558,162,48,0,0,14404,0,Charlotte city,Charlotte
38559,162,48,0,0,14584,0,Chester town,Chester
38560,162,48,0,0,14620,0,Chico city,Chico
38561,162,48,0,0,14668,0,Childress city,Childress
38562,162,48,0,0,14680,0,Chillicothe city,Chillicothe
38563,162,48,0,0,14704,0,China city,China
38564,162,48,0,0,14716,0,China Grove town,China
38565,162,48,0,0,14776,0,Chireno city,Chireno
38566,162,48,0,0,14860,0,Christine town,Christine
38567,162,48,0,0,14920,0,Cibolo city,Cibolo
38568,162,48,0,0,15004,0,Cisco city,Cisco
38569,162,48,0,0,15112,0,Clarendon city,Clarendon
38570,162,48,0,0,15160,0,Clarksville city,Clarksville
38571,162,48,0,0,15172,0,Clarksville City city,Clarksville
38572,162,48,0,0,15196,0,Claude city,Claude
38573,162,48,0,0,15328,0,Clear Lake Shores city,Clear
38574,162,48,0,0,15364,0,Cleburne city,Cleburne
38575,162,48,0,0,15436,0,Cleveland city,Cleveland
38576,162,48,0,0,15472,0,Clifton city,Clifton
38577,162,48,0,0,15544,0,Clint town,Clint
38578,162,48,0,0,15652,0,Clute city,Clute
38579,162,48,0,0,15676,0,Clyde city,Clyde
38580,162,48,0,0,15700,0,Coahoma town,Coahoma
38581,162,48,0,0,15796,0,Cockrell Hill city,Cockrell
38582,162,48,0,0,15820,0,Coffee City town,Coffee
38583,162,48,0,0,15892,0,Coldspring city,Coldspring
38584,162,48,0,0,15916,0,Coleman city,Coleman
38585,162,48,0,0,15976,0,College Station city,College
38586,162,48,0,0,15988,0,Colleyville city,Colleyville
38587,162,48,0,0,16036,0,Collinsville town,Collinsville
38588,162,48,0,0,16048,0,Colmesneil city,Colmesneil
38589,162,48,0,0,16120,0,Colorado City city,Colorado
38590,162,48,0,0,16168,0,Columbus city,Columbus
38591,162,48,0,0,16192,0,Comanche city,Comanche
38592,162,48,0,0,16204,0,Combes town,Combes
38593,162,48,0,0,16216,0,Combine city,Combine
38594,162,48,0,0,16240,0,Commerce city,Commerce
38595,162,48,0,0,16252,0,Como town,Como
38596,162,48,0,0,16432,0,Conroe city,Conroe
38597,162,48,0,0,16468,0,Converse city,Converse
38598,162,48,0,0,16540,0,Cool city,Cool
38599,162,48,0,0,16552,0,Coolidge town,Coolidge
38600,162,48,0,0,16564,0,Cooper city,Cooper
38601,162,48,0,0,16612,0,Coppell city,Coppell
38602,162,48,0,0,16624,0,Copperas Cove city,Copperas
38603,162,48,0,0,16636,0,Copper Canyon town,Copper
38604,162,48,0,0,16696,0,Corinth city,Corinth
38605,162,48,0,0,17000,0,Corpus Christi city,Corpus
38606,162,48,0,0,17024,0,Corral City town,Corral
38607,162,48,0,0,17036,0,Corrigan town,Corrigan
38608,162,48,0,0,17060,0,Corsicana city,Corsicana
38609,162,48,0,0,17200,0,Cottonwood city,Cottonwood
38610,162,48,0,0,17208,0,Cottonwood Shores city,Cottonwood
38611,162,48,0,0,17216,0,Cotulla city,Cotulla
38612,162,48,0,0,17312,0,Coupland city,Coupland
38613,162,48,0,0,17336,0,Cove city,Cove
38614,162,48,0,0,17372,0,Covington city,Covington
38615,162,48,0,0,17429,0,Coyote Flats city,Coyote
38616,162,48,0,0,17504,0,Crandall city,Crandall
38617,162,48,0,0,17516,0,Crane city,Crane
38618,162,48,0,0,17540,0,Cranfills Gap city,Cranfills
38619,162,48,0,0,17564,0,Crawford town,Crawford
38620,162,48,0,0,17612,0,Creedmoor city,Creedmoor
38621,162,48,0,0,17648,0,Cresson city,Cresson
38622,162,48,0,0,17744,0,Crockett city,Crockett
38623,162,48,0,0,17768,0,Crosbyton city,Crosbyton
38624,162,48,0,0,17816,0,Cross Plains town,Cross
38625,162,48,0,0,17852,0,Cross Roads town,Cross
38626,162,48,0,0,17917,0,Cross Timber town,Cross
38627,162,48,0,0,17948,0,Crowell city,Crowell
38628,162,48,0,0,17960,0,Crowley city,Crowley
38629,162,48,0,0,18020,0,Crystal City city,Crystal
38630,162,48,0,0,18092,0,Cuero city,Cuero
38631,162,48,0,0,18128,0,Cumby city,Cumby
38632,162,48,0,0,18152,0,Cuney town,Cuney
38633,162,48,0,0,18224,0,Cushing city,Cushing
38634,162,48,0,0,18260,0,Cut and Shoot city,Cut
38635,162,48,0,0,18464,0,Daingerfield city,Daingerfield
38636,162,48,0,0,18476,0,Daisetta city,Daisetta
38637,162,48,0,0,18524,0,Dalhart city,Dalhart
38638,162,48,0,0,19000,0,Dallas city,Dallas
38639,162,48,0,0,19084,0,Dalworthington Gardens city,Dalworthington
38640,162,48,0,0,19120,0,Danbury city,Danbury
38641,162,48,0,0,19288,0,Darrouzett town,Darrouzett
38642,162,48,0,0,19420,0,Dawson town,Dawson
38643,162,48,0,0,19432,0,Dayton city,Dayton
38644,162,48,0,0,19435,0,Dayton Lakes city,Dayton
38645,162,48,0,0,19456,0,Dean city,Dean
38646,162,48,0,0,19528,0,Decatur city,Decatur
38647,162,48,0,0,19570,0,DeCordova city,DeCordova
38648,162,48,0,0,19624,0,Deer Park city,Deer
38649,162,48,0,0,19648,0,De Kalb city,De
38650,162,48,0,0,19672,0,De Leon city,De
38651,162,48,0,0,19708,0,Dell City city,Dell
38652,162,48,0,0,19792,0,Del Rio city,Del
38653,162,48,0,0,19900,0,Denison city,Denison
38654,162,48,0,0,19972,0,Denton city,Denton
38655,162,48,0,0,19984,0,Denver City town,Denver
38656,162,48,0,0,20020,0,Deport city,Deport
38657,162,48,0,0,20092,0,DeSoto city,DeSoto
38658,162,48,0,0,20128,0,Detroit town,Detroit
38659,162,48,0,0,20140,0,Devers city,Devers
38660,162,48,0,0,20152,0,Devine city,Devine
38661,162,48,0,0,20308,0,Diboll city,Diboll
38662,162,48,0,0,20332,0,Dickens city,Dickens
38663,162,48,0,0,20344,0,Dickinson city,Dickinson
38664,162,48,0,0,20428,0,Dilley city,Dilley
38665,162,48,0,0,20464,0,Dimmitt city,Dimmitt
38666,162,48,0,0,20540,0,DISH town,DISH
38667,162,48,0,0,20680,0,Dodd City town,Dodd
38668,162,48,0,0,20716,0,Dodson town,Dodson
38669,162,48,0,0,20848,0,Domino town,Domino
38670,162,48,0,0,20884,0,Donna city,Donna
38671,162,48,0,0,20932,0,Dorchester city,Dorchester
38672,162,48,0,0,21028,0,Double Oak town,Double
38673,162,48,0,0,21112,0,Douglassville town,Douglassville
38674,162,48,0,0,21424,0,Dripping Springs city,Dripping
38675,162,48,0,0,21436,0,Driscoll city,Driscoll
38676,162,48,0,0,21484,0,Dublin city,Dublin
38677,162,48,0,0,21556,0,Dumas city,Dumas
38678,162,48,0,0,21628,0,Duncanville city,Duncanville
38679,162,48,0,0,21844,0,Eagle Lake city,Eagle
38680,162,48,0,0,21892,0,Eagle Pass city,Eagle
38681,162,48,0,0,21904,0,Early city,Early
38682,162,48,0,0,21928,0,Earth city,Earth
38683,162,48,0,0,21988,0,East Bernard city,East
38684,162,48,0,0,22132,0,Eastland city,Eastland
38685,162,48,0,0,22168,0,East Mountain city,East
38686,162,48,0,0,22192,0,Easton city,Easton
38687,162,48,0,0,22276,0,East Tawakoni city,East
38688,162,48,0,0,22516,0,Ector city,Ector
38689,162,48,0,0,22528,0,Edcouch city,Edcouch
38690,162,48,0,0,22552,0,Eden city,Eden
38691,162,48,0,0,22588,0,Edgecliff Village town,Edgecliff
38692,162,48,0,0,22612,0,Edgewood town,Edgewood
38693,162,48,0,0,22660,0,Edinburg city,Edinburg
38694,162,48,0,0,22708,0,Edmonson town,Edmonson
38695,162,48,0,0,22720,0,Edna city,Edna
38696,162,48,0,0,22744,0,Edom city,Edom
38697,162,48,0,0,22864,0,El Campo city,El
38698,162,48,0,0,22905,0,El Cenizo city,El
38699,162,48,0,0,22960,0,Eldorado city,Eldorado
38700,162,48,0,0,22984,0,Electra city,Electra
38701,162,48,0,0,23044,0,Elgin city,Elgin
38702,162,48,0,0,23140,0,Elkhart town,Elkhart
38703,162,48,0,0,23164,0,El Lago city,El
38704,162,48,0,0,23272,0,Elmendorf city,Elmendorf
38705,162,48,0,0,24000,0,El Paso city,El
38706,162,48,0,0,24036,0,Elsa city,Elsa
38707,162,48,0,0,24168,0,Emhouse town,Emhouse
38708,162,48,0,0,24216,0,Emory city,Emory
38709,162,48,0,0,24228,0,Enchanted Oaks town,Enchanted
38710,162,48,0,0,24240,0,Encinal city,Encinal
38711,162,48,0,0,24348,0,Ennis city,Ennis
38712,162,48,0,0,24552,0,Escobares city,Escobares
38713,162,48,0,0,24636,0,Estelline town,Estelline
38714,162,48,0,0,24768,0,Euless city,Euless
38715,162,48,0,0,24816,0,Eureka city,Eureka
38716,162,48,0,0,24828,0,Eustace city,Eustace
38717,162,48,0,0,24864,0,Evant town,Evant
38718,162,48,0,0,24912,0,Everman city,Everman
38719,162,48,0,0,25068,0,Fairchilds village,Fairchilds
38720,162,48,0,0,25104,0,Fairfield city,Fairfield
38721,162,48,0,0,25168,0,Fair Oaks Ranch city,Fair
38722,162,48,0,0,25224,0,Fairview town,Fairview
38723,162,48,0,0,25368,0,Falfurrias city,Falfurrias
38724,162,48,0,0,25392,0,Falls City city,Falls
38725,162,48,0,0,25452,0,Farmers Branch city,Farmers
38726,162,48,0,0,25488,0,Farmersville city,Farmersville
38727,162,48,0,0,25548,0,Farwell city,Farwell
38728,162,48,0,0,25572,0,Fate city,Fate
38729,162,48,0,0,25644,0,Fayetteville city,Fayetteville
38730,162,48,0,0,25752,0,Ferris city,Ferris
38731,162,48,0,0,26028,0,Flatonia town,Flatonia
38732,162,48,0,0,26136,0,Florence city,Florence
38733,162,48,0,0,26160,0,Floresville city,Floresville
38734,162,48,0,0,26232,0,Flower Mound town,Flower
38735,162,48,0,0,26268,0,Floydada city,Floydada
38736,162,48,0,0,26328,0,Follett city,Follett
38737,162,48,0,0,26544,0,Forest Hill city,Forest
38738,162,48,0,0,26604,0,Forney city,Forney
38739,162,48,0,0,26640,0,Forsan city,Forsan
38740,162,48,0,0,26808,0,Fort Stockton city,Fort
38741,162,48,0,0,27000,0,Fort Worth city,Fort
38742,162,48,0,0,27288,0,Franklin city,Franklin
38743,162,48,0,0,27300,0,Frankston town,Frankston
38744,162,48,0,0,27348,0,Fredericksburg city,Fredericksburg
38745,162,48,0,0,27420,0,Freeport city,Freeport
38746,162,48,0,0,27432,0,Freer city,Freer
38747,162,48,0,0,27648,0,Friendswood city,Friendswood
38748,162,48,0,0,27660,0,Friona city,Friona
38749,162,48,0,0,27684,0,Frisco city,Frisco
38750,162,48,0,0,27696,0,Fritch city,Fritch
38751,162,48,0,0,27768,0,Frost city,Frost
38752,162,48,0,0,27804,0,Fruitvale city,Fruitvale
38753,162,48,0,0,27876,0,Fulshear city,Fulshear
38754,162,48,0,0,27888,0,Fulton town,Fulton
38755,162,48,0,0,27984,0,Gainesville city,Gainesville
38756,162,48,0,0,27996,0,Galena Park city,Galena
38757,162,48,0,0,28008,0,Gallatin city,Gallatin
38758,162,48,0,0,28068,0,Galveston city,Galveston
38759,162,48,0,0,28080,0,Ganado city,Ganado
38760,162,48,0,0,28248,0,Garden Ridge city,Garden
38761,162,48,0,0,29000,0,Garland city,Garland
38762,162,48,0,0,29036,0,Garrett town,Garrett
38763,162,48,0,0,29060,0,Garrison city,Garrison
38764,162,48,0,0,29108,0,Gary City town,Gary
38765,162,48,0,0,29168,0,Gatesville city,Gatesville
38766,162,48,0,0,29336,0,Georgetown city,Georgetown
38767,162,48,0,0,29348,0,George West city,George
38768,162,48,0,0,29408,0,Gholson city,Gholson
38769,162,48,0,0,29432,0,Giddings city,Giddings
38770,162,48,0,0,29564,0,Gilmer city,Gilmer
38771,162,48,0,0,29660,0,Gladewater city,Gladewater
38772,162,48,0,0,29840,0,Glenn Heights city,Glenn
38773,162,48,0,0,29876,0,Glen Rose city,Glen
38774,162,48,0,0,29972,0,Godley city,Godley
38775,162,48,0,0,30044,0,Goldsmith city,Goldsmith
38776,162,48,0,0,30056,0,Goldthwaite city,Goldthwaite
38777,162,48,0,0,30080,0,Goliad city,Goliad
38778,162,48,0,0,30092,0,Golinda city,Golinda
38779,162,48,0,0,30116,0,Gonzales city,Gonzales
38780,162,48,0,0,30188,0,Goodlow city,Goodlow
38781,162,48,0,0,30224,0,Goodrich city,Goodrich
38782,162,48,0,0,30272,0,Gordon city,Gordon
38783,162,48,0,0,30296,0,Goree city,Goree
38784,162,48,0,0,30308,0,Gorman city,Gorman
38785,162,48,0,0,30380,0,Graford city,Graford
38786,162,48,0,0,30392,0,Graham city,Graham
38787,162,48,0,0,30416,0,Granbury city,Granbury
38788,162,48,0,0,30440,0,Grandfalls town,Grandfalls
38789,162,48,0,0,30464,0,Grand Prairie city,Grand
38790,162,48,0,0,30476,0,Grand Saline city,Grand
38791,162,48,0,0,30512,0,Grandview city,Grandview
38792,162,48,0,0,30548,0,Granger city,Granger
38793,162,48,0,0,30584,0,Granite Shoals city,Granite
38794,162,48,0,0,30608,0,Granjeno city,Granjeno
38795,162,48,0,0,30632,0,Grapeland city,Grapeland
38796,162,48,0,0,30644,0,Grapevine city,Grapevine
38797,162,48,0,0,30752,0,Grays Prairie village,Grays
38798,162,48,0,0,30920,0,Greenville city,Greenville
38799,162,48,0,0,31064,0,Gregory city,Gregory
38800,162,48,0,0,31100,0,Grey Forest city,Grey
38801,162,48,0,0,31280,0,Groesbeck city,Groesbeck
38802,162,48,0,0,31292,0,Groom town,Groom
38803,162,48,0,0,31328,0,Groves city,Groves
38804,162,48,0,0,31340,0,Groveton city,Groveton
38805,162,48,0,0,31412,0,Gruver city,Gruver
38806,162,48,0,0,31592,0,Gun Barrel City city,Gun
38807,162,48,0,0,31616,0,Gunter city,Gunter
38808,162,48,0,0,31628,0,Gustine town,Gustine
38809,162,48,0,0,31715,0,Hackberry town,Hackberry
38810,162,48,0,0,31820,0,Hale Center city,Hale
38811,162,48,0,0,31868,0,Hallettsville city,Hallettsville
38812,162,48,0,0,31880,0,Hallsburg city,Hallsburg
38813,162,48,0,0,31904,0,Hallsville city,Hallsville
38814,162,48,0,0,31928,0,Haltom City city,Haltom
38815,162,48,0,0,31952,0,Hamilton city,Hamilton
38816,162,48,0,0,31964,0,Hamlin city,Hamlin
38817,162,48,0,0,32156,0,Happy town,Happy
38818,162,48,0,0,32240,0,Hardin city,Hardin
38819,162,48,0,0,32312,0,Harker Heights city,Harker
38820,162,48,0,0,32372,0,Harlingen city,Harlingen
38821,162,48,0,0,32576,0,Hart city,Hart
38822,162,48,0,0,32696,0,Haskell city,Haskell
38823,162,48,0,0,32720,0,Haslet city,Haslet
38824,162,48,0,0,32810,0,Hawk Cove city,Hawk
38825,162,48,0,0,32816,0,Hawkins city,Hawkins
38826,162,48,0,0,32840,0,Hawley city,Hawley
38827,162,48,0,0,32906,0,Hays city,Hays
38828,162,48,0,0,32972,0,Hearne city,Hearne
38829,162,48,0,0,32984,0,Heath city,Heath
38830,162,48,0,0,33020,0,Hebron town,Hebron
38831,162,48,0,0,33044,0,Hedley city,Hedley
38832,162,48,0,0,33068,0,Hedwig Village city,Hedwig
38833,162,48,0,0,33146,0,Helotes city,Helotes
38834,162,48,0,0,33188,0,Hemphill city,Hemphill
38835,162,48,0,0,33200,0,Hempstead city,Hempstead
38836,162,48,0,0,33212,0,Henderson city,Henderson
38837,162,48,0,0,33284,0,Henrietta city,Henrietta
38838,162,48,0,0,33320,0,Hereford city,Hereford
38839,162,48,0,0,33428,0,Hewitt city,Hewitt
38840,162,48,0,0,33476,0,Hickory Creek town,Hickory
38841,162,48,0,0,33548,0,Hico city,Hico
38842,162,48,0,0,33560,0,Hidalgo city,Hidalgo
38843,162,48,0,0,33578,0,Hideaway city,Hideaway
38844,162,48,0,0,33608,0,Higgins city,Higgins
38845,162,48,0,0,33794,0,Highland Haven city,Highland
38846,162,48,0,0,33824,0,Highland Park town,Highland
38847,162,48,0,0,33848,0,Highland Village city,Highland
38848,162,48,0,0,33968,0,Hill Country Village city,Hill
38849,162,48,0,0,33980,0,Hillcrest village,Hillcrest
38850,162,48,0,0,34088,0,Hillsboro city,Hillsboro
38851,162,48,0,0,34148,0,Hilshire Village city,Hilshire
38852,162,48,0,0,34220,0,Hitchcock city,Hitchcock
38853,162,48,0,0,34502,0,Holiday Lakes town,Holiday
38854,162,48,0,0,34508,0,Holland town,Holland
38855,162,48,0,0,34532,0,Holliday city,Holliday
38856,162,48,0,0,34628,0,Hollywood Park town,Hollywood
38857,162,48,0,0,34676,0,Hondo city,Hondo
38858,162,48,0,0,34700,0,Honey Grove city,Honey
38859,162,48,0,0,34736,0,Hooks city,Hooks
38860,162,48,0,0,34832,0,Horizon City city,Horizon
38861,162,48,0,0,34862,0,Horseshoe Bay city,Horseshoe
38862,162,48,0,0,35000,0,Houston city,Houston
38863,162,48,0,0,35072,0,Howardwick city,Howardwick
38864,162,48,0,0,35084,0,Howe town,Howe
38865,162,48,0,0,35180,0,Hubbard city,Hubbard
38866,162,48,0,0,35228,0,Hudson city,Hudson
38867,162,48,0,0,35254,0,Hudson Oaks city,Hudson
38868,162,48,0,0,35300,0,Hughes Springs city,Hughes
38869,162,48,0,0,35348,0,Humble city,Humble
38870,162,48,0,0,35480,0,Hunters Creek Village city,Hunters
38871,162,48,0,0,35492,0,Huntington city,Huntington
38872,162,48,0,0,35528,0,Huntsville city,Huntsville
38873,162,48,0,0,35576,0,Hurst city,Hurst
38874,162,48,0,0,35612,0,Hutchins city,Hutchins
38875,162,48,0,0,35624,0,Hutto city,Hutto
38876,162,48,0,0,35636,0,Huxley city,Huxley
38877,162,48,0,0,35732,0,Idalou city,Idalou
38878,162,48,0,0,35816,0,Impact town,Impact
38879,162,48,0,0,35918,0,Indian Lake town,Indian
38880,162,48,0,0,35984,0,Industry city,Industry
38881,162,48,0,0,36008,0,Ingleside city,Ingleside
38882,162,48,0,0,36020,0,Ingleside on the Bay city,Ingleside
38883,162,48,0,0,36032,0,Ingram city,Ingram
38884,162,48,0,0,36068,0,Iola city,Iola
38885,162,48,0,0,36092,0,Iowa Colony village,Iowa
38886,162,48,0,0,36104,0,Iowa Park city,Iowa
38887,162,48,0,0,36128,0,Iraan city,Iraan
38888,162,48,0,0,36140,0,Iredell city,Iredell
38889,162,48,0,0,37000,0,Irving city,Irving
38890,162,48,0,0,37072,0,Italy town,Italy
38891,162,48,0,0,37084,0,Itasca city,Itasca
38892,162,48,0,0,37112,0,Ivanhoe city,Ivanhoe
38893,162,48,0,0,37156,0,Jacinto City city,Jacinto
38894,162,48,0,0,37168,0,Jacksboro city,Jacksboro
38895,162,48,0,0,37216,0,Jacksonville city,Jacksonville
38896,162,48,0,0,37252,0,Jamaica Beach city,Jamaica
38897,162,48,0,0,37396,0,Jarrell city,Jarrell
38898,162,48,0,0,37420,0,Jasper city,Jasper
38899,162,48,0,0,37468,0,Jayton city,Jayton
38900,162,48,0,0,37528,0,Jefferson city,Jefferson
38901,162,48,0,0,37612,0,Jersey Village city,Jersey
38902,162,48,0,0,37648,0,Jewett city,Jewett
38903,162,48,0,0,37684,0,Joaquin city,Joaquin
38904,162,48,0,0,37780,0,Johnson City city,Johnson
38905,162,48,0,0,37924,0,Jolly city,Jolly
38906,162,48,0,0,37984,0,Jones Creek village,Jones
38907,162,48,0,0,38020,0,Jonestown city,Jonestown
38908,162,48,0,0,38068,0,Josephine city,Josephine
38909,162,48,0,0,38080,0,Joshua city,Joshua
38910,162,48,0,0,38116,0,Jourdanton city,Jourdanton
38911,162,48,0,0,38248,0,Junction city,Junction
38912,162,48,0,0,38332,0,Justin city,Justin
38913,162,48,0,0,38452,0,Karnes City city,Karnes
38914,162,48,0,0,38476,0,Katy city,Katy
38915,162,48,0,0,38488,0,Kaufman city,Kaufman
38916,162,48,0,0,38548,0,Keene city,Keene
38917,162,48,0,0,38632,0,Keller city,Keller
38918,162,48,0,0,38776,0,Kemah city,Kemah
38919,162,48,0,0,38788,0,Kemp city,Kemp
38920,162,48,0,0,38800,0,Kempner city,Kempner
38921,162,48,0,0,38848,0,Kendleton city,Kendleton
38922,162,48,0,0,38860,0,Kenedy city,Kenedy
38923,162,48,0,0,38872,0,Kenefick town,Kenefick
38924,162,48,0,0,38884,0,Kennard city,Kennard
38925,162,48,0,0,38896,0,Kennedale city,Kennedale
38926,162,48,0,0,38992,0,Kerens city,Kerens
38927,162,48,0,0,39004,0,Kermit city,Kermit
38928,162,48,0,0,39040,0,Kerrville city,Kerrville
38929,162,48,0,0,39124,0,Kilgore city,Kilgore
38930,162,48,0,0,39148,0,Killeen city,Killeen
38931,162,48,0,0,39352,0,Kingsville city,Kingsville
38932,162,48,0,0,39448,0,Kirby city,Kirby
38933,162,48,0,0,39460,0,Kirbyville city,Kirbyville
38934,162,48,0,0,39520,0,Kirvin town,Kirvin
38935,162,48,0,0,39680,0,Knollwood city,Knollwood
38936,162,48,0,0,39700,0,Knox City town,Knox
38937,162,48,0,0,39844,0,Kosse town,Kosse
38938,162,48,0,0,39868,0,Kountze city,Kountze
38939,162,48,0,0,39904,0,Kress city,Kress
38940,162,48,0,0,39916,0,Krugerville city,Krugerville
38941,162,48,0,0,39928,0,Krum city,Krum
38942,162,48,0,0,39940,0,Kurten town,Kurten
38943,162,48,0,0,39952,0,Kyle city,Kyle
38944,162,48,0,0,40108,0,LaCoste city,LaCoste
38945,162,48,0,0,40168,0,Lacy-Lakeview city,Lacy-Lakeview
38946,162,48,0,0,40180,0,Ladonia town,Ladonia
38947,162,48,0,0,40204,0,La Feria city,La
38948,162,48,0,0,40264,0,Lago Vista city,Lago
38949,162,48,0,0,40276,0,La Grange city,La
38950,162,48,0,0,40288,0,La Grulla city,La
38951,162,48,0,0,40336,0,Laguna Vista town,Laguna
38952,162,48,0,0,40384,0,La Joya city,La
38953,162,48,0,0,40450,0,Lake Bridgeport city,Lake
38954,162,48,0,0,40472,0,Lake City town,Lake
38955,162,48,0,0,40516,0,Lake Dallas city,Lake
38956,162,48,0,0,40588,0,Lake Jackson city,Lake
38957,162,48,0,0,40696,0,Lakeport city,Lakeport
38958,162,48,0,0,40738,0,Lakeside town,Lakeside
38959,162,48,0,0,40744,0,Lakeside town,Lakeside
38960,162,48,0,0,40756,0,Lakeside City town,Lakeside
38961,162,48,0,0,40804,0,Lake Tanglewood village,Lake
38962,162,48,0,0,40888,0,Lakeview town,Lakeview
38963,162,48,0,0,40984,0,Lakeway city,Lakeway
38964,162,48,0,0,41050,0,Lakewood Village city,Lakewood
38965,162,48,0,0,41056,0,Lake Worth city,Lake
38966,162,48,0,0,41116,0,La Marque city,La
38967,162,48,0,0,41164,0,Lamesa city,Lamesa
38968,162,48,0,0,41188,0,Lampasas city,Lampasas
38969,162,48,0,0,41212,0,Lancaster city,Lancaster
38970,162,48,0,0,41440,0,La Porte city,La
38971,162,48,0,0,41464,0,Laredo city,Laredo
38972,162,48,0,0,41644,0,Latexo city,Latexo
38973,162,48,0,0,41764,0,La Vernia city,La
38974,162,48,0,0,41788,0,La Villa city,La
38975,162,48,0,0,41800,0,Lavon city,Lavon
38976,162,48,0,0,41848,0,La Ward city,La
38977,162,48,0,0,41872,0,Lawn town,Lawn
38978,162,48,0,0,41980,0,League City city,League
38979,162,48,0,0,42004,0,Leakey city,Leakey
38980,162,48,0,0,42016,0,Leander city,Leander
38981,162,48,0,0,42028,0,Leary city,Leary
38982,162,48,0,0,42148,0,Lefors town,Lefors
38983,162,48,0,0,42340,0,Leona city,Leona
38984,162,48,0,0,42352,0,Leonard city,Leonard
38985,162,48,0,0,42388,0,Leon Valley city,Leon
38986,162,48,0,0,42400,0,Leroy city,Leroy
38987,162,48,0,0,42448,0,Levelland city,Levelland
38988,162,48,0,0,42508,0,Lewisville city,Lewisville
38989,162,48,0,0,42532,0,Lexington town,Lexington
38990,162,48,0,0,42568,0,Liberty city,Liberty
38991,162,48,0,0,42664,0,Liberty Hill city,Liberty
38992,162,48,0,0,42808,0,Lincoln Park town,Lincoln
38993,162,48,0,0,42820,0,Lindale city,Lindale
38994,162,48,0,0,42844,0,Linden city,Linden
38995,162,48,0,0,42868,0,Lindsay city,Lindsay
38996,162,48,0,0,42940,0,Lipan city,Lipan
38997,162,48,0,0,43012,0,Little Elm city,Little
38998,162,48,0,0,43024,0,Littlefield city,Littlefield
38999,162,48,0,0,43066,0,Little River-Academy city,Little
39000,162,48,0,0,43096,0,Live Oak city,Live
39001,162,48,0,0,43120,0,Liverpool city,Liverpool
39002,162,48,0,0,43132,0,Livingston town,Livingston
39003,162,48,0,0,43144,0,Llano city,Llano
39004,162,48,0,0,43240,0,Lockhart city,Lockhart
39005,162,48,0,0,43252,0,Lockney town,Lockney
39006,162,48,0,0,43354,0,Log Cabin city,Log
39007,162,48,0,0,43516,0,Lometa city,Lometa
39008,162,48,0,0,43636,0,Lone Oak city,Lone
39009,162,48,0,0,43684,0,Lone Star city,Lone
39010,162,48,0,0,43888,0,Longview city,Longview
39011,162,48,0,0,43996,0,Loraine town,Loraine
39012,162,48,0,0,44020,0,Lorena city,Lorena
39013,162,48,0,0,44032,0,Lorenzo city,Lorenzo
39014,162,48,0,0,44116,0,Los Fresnos city,Los
39015,162,48,0,0,44128,0,Los Indios town,Los
39016,162,48,0,0,44170,0,Los Ybanez city,Los
39017,162,48,0,0,44176,0,Lott city,Lott
39018,162,48,0,0,44260,0,Lovelady city,Lovelady
39019,162,48,0,0,44308,0,Lowry Crossing city,Lowry
39020,162,48,0,0,45000,0,Lubbock city,Lubbock
39021,162,48,0,0,45012,0,Lucas city,Lucas
39022,162,48,0,0,45048,0,Lueders city,Lueders
39023,162,48,0,0,45072,0,Lufkin city,Lufkin
39024,162,48,0,0,45096,0,Luling city,Luling
39025,162,48,0,0,45120,0,Lumberton city,Lumberton
39026,162,48,0,0,45228,0,Lyford city,Lyford
39027,162,48,0,0,45288,0,Lytle city,Lytle
39028,162,48,0,0,45324,0,Mabank town,Mabank
39029,162,48,0,0,45384,0,McAllen city,McAllen
39030,162,48,0,0,45432,0,McCamey city,McCamey
39031,162,48,0,0,45672,0,McGregor city,McGregor
39032,162,48,0,0,45744,0,McKinney city,McKinney
39033,162,48,0,0,45780,0,McLean town,McLean
39034,162,48,0,0,45804,0,McLendon-Chisholm city,McLendon-Chisholm
39035,162,48,0,0,45996,0,Madisonville city,Madisonville
39036,162,48,0,0,46056,0,Magnolia city,Magnolia
39037,162,48,0,0,46224,0,Malakoff city,Malakoff
39038,162,48,0,0,46260,0,Malone town,Malone
39039,162,48,0,0,46440,0,Manor city,Manor
39040,162,48,0,0,46452,0,Mansfield city,Mansfield
39041,162,48,0,0,46500,0,Manvel city,Manvel
39042,162,48,0,0,46584,0,Marble Falls city,Marble
39043,162,48,0,0,46620,0,Marfa city,Marfa
39044,162,48,0,0,46668,0,Marietta town,Marietta
39045,162,48,0,0,46692,0,Marion city,Marion
39046,162,48,0,0,46740,0,Marlin city,Marlin
39047,162,48,0,0,46752,0,Marquez city,Marquez
39048,162,48,0,0,46776,0,Marshall city,Marshall
39049,162,48,0,0,46824,0,Mart city,Mart
39050,162,48,0,0,46848,0,Martindale city,Martindale
39051,162,48,0,0,46968,0,Mason city,Mason
39052,162,48,0,0,47004,0,Matador town,Matador
39053,162,48,0,0,47040,0,Mathis city,Mathis
39054,162,48,0,0,47088,0,Maud city,Maud
39055,162,48,0,0,47268,0,Maypearl city,Maypearl
39056,162,48,0,0,47316,0,Meadow town,Meadow
39057,162,48,0,0,47330,0,Meadowlakes city,Meadowlakes
39058,162,48,0,0,47337,0,Meadows Place city,Meadows
39059,162,48,0,0,47460,0,Megargel town,Megargel
39060,162,48,0,0,47496,0,Melissa city,Melissa
39061,162,48,0,0,47568,0,Melvin town,Melvin
39062,162,48,0,0,47616,0,Memphis city,Memphis
39063,162,48,0,0,47628,0,Menard city,Menard
39064,162,48,0,0,47700,0,Mercedes city,Mercedes
39065,162,48,0,0,47760,0,Meridian city,Meridian
39066,162,48,0,0,47796,0,Merkel town,Merkel
39067,162,48,0,0,47820,0,Mertens town,Mertens
39068,162,48,0,0,47832,0,Mertzon city,Mertzon
39069,162,48,0,0,47892,0,Mesquite city,Mesquite
39070,162,48,0,0,47916,0,Mexia city,Mexia
39071,162,48,0,0,47988,0,Miami city,Miami
39072,162,48,0,0,48072,0,Midland city,Midland
39073,162,48,0,0,48096,0,Midlothian city,Midlothian
39074,162,48,0,0,48180,0,Midway city,Midway
39075,162,48,0,0,48336,0,Milano city,Milano
39076,162,48,0,0,48372,0,Mildred town,Mildred
39077,162,48,0,0,48396,0,Miles city,Miles
39078,162,48,0,0,48408,0,Milford town,Milford
39079,162,48,0,0,48478,0,Miller's Cove town,Miller's
39080,162,48,0,0,48516,0,Millican town,Millican
39081,162,48,0,0,48564,0,Millsap town,Millsap
39082,162,48,0,0,48648,0,Mineola city,Mineola
39083,162,48,0,0,48684,0,Mineral Wells city,Mineral
39084,162,48,0,0,48720,0,Mingus city,Mingus
39085,162,48,0,0,48768,0,Mission city,Mission
39086,162,48,0,0,48804,0,Missouri City city,Missouri
39087,162,48,0,0,48852,0,Mobeetie city,Mobeetie
39088,162,48,0,0,48858,0,Mobile City city,Mobile
39089,162,48,0,0,48936,0,Monahans city,Monahans
39090,162,48,0,0,49068,0,Mont Belvieu city,Mont
39091,162,48,0,0,49128,0,Montgomery city,Montgomery
39092,162,48,0,0,49200,0,Moody city,Moody
39093,162,48,0,0,49272,0,Moore Station city,Moore
39094,162,48,0,0,49320,0,Moran city,Moran
39095,162,48,0,0,49356,0,Morgan city,Morgan
39096,162,48,0,0,49380,0,Morgan's Point city,Morgan's
39097,162,48,0,0,49392,0,Morgan's Point Resort city,Morgan's
39098,162,48,0,0,49464,0,Morton city,Morton
39099,162,48,0,0,49560,0,Moulton town,Moulton
39100,162,48,0,0,49600,0,Mountain City city,Mountain
39101,162,48,0,0,49692,0,Mount Calm city,Mount
39102,162,48,0,0,49728,0,Mount Enterprise city,Mount
39103,162,48,0,0,49800,0,Mount Pleasant city,Mount
39104,162,48,0,0,49860,0,Mount Vernon town,Mount
39105,162,48,0,0,49932,0,Muenster city,Muenster
39106,162,48,0,0,49968,0,Muleshoe city,Muleshoe
39107,162,48,0,0,49992,0,Mullin town,Mullin
39108,162,48,0,0,50040,0,Munday city,Munday
39109,162,48,0,0,50076,0,Murchison city,Murchison
39110,162,48,0,0,50100,0,Murphy city,Murphy
39111,162,48,0,0,50184,0,Mustang town,Mustang
39112,162,48,0,0,50200,0,Mustang Ridge city,Mustang
39113,162,48,0,0,50256,0,Nacogdoches city,Nacogdoches
39114,162,48,0,0,50316,0,Naples city,Naples
39115,162,48,0,0,50352,0,Nash city,Nash
39116,162,48,0,0,50376,0,Nassau Bay city,Nassau
39117,162,48,0,0,50400,0,Natalia city,Natalia
39118,162,48,0,0,50448,0,Navarro town,Navarro
39119,162,48,0,0,50472,0,Navasota city,Navasota
39120,162,48,0,0,50496,0,Nazareth city,Nazareth
39121,162,48,0,0,50580,0,Nederland city,Nederland
39122,162,48,0,0,50628,0,Needville city,Needville
39123,162,48,0,0,50760,0,Nevada city,Nevada
39124,162,48,0,0,50772,0,Newark city,Newark
39125,162,48,0,0,50796,0,New Berlin city,New
39126,162,48,0,0,50808,0,New Boston city,New
39127,162,48,0,0,50820,0,New Braunfels city,New
39128,162,48,0,0,50868,0,Newcastle city,Newcastle
39129,162,48,0,0,50876,0,New Chapel Hill city,New
39130,162,48,0,0,50916,0,New Deal town,New
39131,162,48,0,0,50920,0,New Fairview city,New
39132,162,48,0,0,51012,0,New Home city,New
39133,162,48,0,0,51036,0,New Hope town,New
39134,162,48,0,0,51168,0,New London city,New
39135,162,48,0,0,51336,0,New Summerfield city,New
39136,162,48,0,0,51372,0,Newton city,Newton
39137,162,48,0,0,51396,0,New Waverly city,New
39138,162,48,0,0,51444,0,Neylandville town,Neylandville
39139,162,48,0,0,51492,0,Niederwald city,Niederwald
39140,162,48,0,0,51588,0,Nixon city,Nixon
39141,162,48,0,0,51648,0,Nocona city,Nocona
39142,162,48,0,0,51708,0,Nolanville city,Nolanville
39143,162,48,0,0,51720,0,Nome city,Nome
39144,162,48,0,0,51756,0,Noonday city,Noonday
39145,162,48,0,0,51792,0,Nordheim city,Nordheim
39146,162,48,0,0,51840,0,Normangee town,Normangee
39147,162,48,0,0,51984,0,North Cleveland city,North
39148,162,48,0,0,52212,0,Northlake town,Northlake
39149,162,48,0,0,52356,0,North Richland Hills city,North
39150,162,48,0,0,52668,0,Novice city,Novice
39151,162,48,0,0,52902,0,Oak Grove town,Oak
39152,162,48,0,0,53115,0,Oak Leaf city,Oak
39153,162,48,0,0,53130,0,Oak Point city,Oak
39154,162,48,0,0,53154,0,Oak Ridge town,Oak
39155,162,48,0,0,53160,0,Oak Ridge town,Oak
39156,162,48,0,0,53190,0,Oak Ridge North city,Oak
39157,162,48,0,0,53217,0,Oak Valley town,Oak
39158,162,48,0,0,53232,0,Oakwood town,Oakwood
39159,162,48,0,0,53304,0,O'Brien city,O'Brien
39160,162,48,0,0,53376,0,Odem city,Odem
39161,162,48,0,0,53388,0,Odessa city,Odessa
39162,162,48,0,0,53436,0,O'Donnell city,O'Donnell
39163,162,48,0,0,53520,0,Oglesby city,Oglesby
39164,162,48,0,0,53824,0,Old River-Winfree city,Old
39165,162,48,0,0,53988,0,Olmos Park city,Olmos
39166,162,48,0,0,54000,0,Olney city,Olney
39167,162,48,0,0,54012,0,Olton city,Olton
39168,162,48,0,0,54024,0,Omaha city,Omaha
39169,162,48,0,0,54048,0,Onalaska city,Onalaska
39170,162,48,0,0,54075,0,Opdyke West town,Opdyke
39171,162,48,0,0,54132,0,Orange city,Orange
39172,162,48,0,0,54168,0,Orange Grove city,Orange
39173,162,48,0,0,54192,0,Orchard city,Orchard
39174,162,48,0,0,54216,0,Ore City city,Ore
39175,162,48,0,0,54432,0,Overton city,Overton
39176,162,48,0,0,54444,0,Ovilla city,Ovilla
39177,162,48,0,0,54528,0,Oyster Creek city,Oyster
39178,162,48,0,0,54600,0,Paducah town,Paducah
39179,162,48,0,0,54636,0,Paint Rock town,Paint
39180,162,48,0,0,54684,0,Palacios city,Palacios
39181,162,48,0,0,54708,0,Palestine city,Palestine
39182,162,48,0,0,54726,0,Palisades village,Palisades
39183,162,48,0,0,54744,0,Palmer town,Palmer
39184,162,48,0,0,54780,0,Palmhurst city,Palmhurst
39185,162,48,0,0,54798,0,Palm Valley city,Palm
39186,162,48,0,0,54804,0,Palmview city,Palmview
39187,162,48,0,0,54912,0,Pampa city,Pampa
39188,162,48,0,0,54960,0,Panhandle town,Panhandle
39189,162,48,0,0,55008,0,Panorama Village city,Panorama
39190,162,48,0,0,55020,0,Pantego town,Pantego
39191,162,48,0,0,55056,0,Paradise city,Paradise
39192,162,48,0,0,55080,0,Paris city,Paris
39193,162,48,0,0,55152,0,Parker city,Parker
39194,162,48,0,0,56000,0,Pasadena city,Pasadena
39195,162,48,0,0,56108,0,Pattison city,Pattison
39196,162,48,0,0,56156,0,Patton Village city,Patton
39197,162,48,0,0,56276,0,Payne Springs town,Payne
39198,162,48,0,0,56348,0,Pearland city,Pearland
39199,162,48,0,0,56384,0,Pearsall city,Pearsall
39200,162,48,0,0,56468,0,Pecan Gap city,Pecan
39201,162,48,0,0,56485,0,Pecan Hill city,Pecan
39202,162,48,0,0,56516,0,Pecos city,Pecos
39203,162,48,0,0,56640,0,Pelican Bay city,Pelican
39204,162,48,0,0,56672,0,Penelope town,Penelope
39205,162,48,0,0,56696,0,Penitas city,Penitas
39206,162,48,0,0,56912,0,Perryton city,Perryton
39207,162,48,0,0,56996,0,Petersburg city,Petersburg
39208,162,48,0,0,57044,0,Petrolia city,Petrolia
39209,162,48,0,0,57056,0,Petronila city,Petronila
39210,162,48,0,0,57176,0,Pflugerville city,Pflugerville
39211,162,48,0,0,57200,0,Pharr city,Pharr
39212,162,48,0,0,57476,0,Pilot Point city,Pilot
39213,162,48,0,0,57524,0,Pine Forest city,Pine
39214,162,48,0,0,57608,0,Pinehurst city,Pinehurst
39215,162,48,0,0,57615,0,Pine Island town,Pine
39216,162,48,0,0,57644,0,Pineland city,Pineland
39217,162,48,0,0,57800,0,Piney Point Village city,Piney
39218,162,48,0,0,57908,0,Pittsburg city,Pittsburg
39219,162,48,0,0,57968,0,Plains town,Plains
39220,162,48,0,0,57980,0,Plainview city,Plainview
39221,162,48,0,0,58016,0,Plano city,Plano
39222,162,48,0,0,58088,0,Pleak village,Pleak
39223,162,48,0,0,58280,0,Pleasanton city,Pleasanton
39224,162,48,0,0,58400,0,Pleasant Valley town,Pleasant
39225,162,48,0,0,58448,0,Plum Grove city,Plum
39226,162,48,0,0,58532,0,Point city,Point
39227,162,48,0,0,58556,0,Point Blank city,Point
39228,162,48,0,0,58568,0,Point Comfort city,Point
39229,162,48,0,0,58586,0,Point Venture village,Point
39230,162,48,0,0,58664,0,Ponder town,Ponder
39231,162,48,0,0,58808,0,Port Aransas city,Port
39232,162,48,0,0,58820,0,Port Arthur city,Port
39233,162,48,0,0,58892,0,Port Isabel city,Port
39234,162,48,0,0,58904,0,Portland city,Portland
39235,162,48,0,0,58916,0,Port Lavaca city,Port
39236,162,48,0,0,58940,0,Port Neches city,Port
39237,162,48,0,0,59012,0,Post city,Post
39238,162,48,0,0,59066,0,Post Oak Bend City town,Post
39239,162,48,0,0,59084,0,Poteet city,Poteet
39240,162,48,0,0,59096,0,Poth town,Poth
39241,162,48,0,0,59132,0,Pottsboro town,Pottsboro
39242,162,48,0,0,59168,0,Powell town,Powell
39243,162,48,0,0,59192,0,Poynor town,Poynor
39244,162,48,0,0,59336,0,Prairie View city,Prairie
39245,162,48,0,0,59384,0,Premont city,Premont
39246,162,48,0,0,59396,0,Presidio city,Presidio
39247,162,48,0,0,59540,0,Primera town,Primera
39248,162,48,0,0,59576,0,Princeton city,Princeton
39249,162,48,0,0,59636,0,Progreso city,Progreso
39250,162,48,0,0,59642,0,Progreso Lakes city,Progreso
39251,162,48,0,0,59696,0,Prosper town,Prosper
39252,162,48,0,0,59748,0,Providence Village town,Providence
39253,162,48,0,0,59984,0,Putnam town,Putnam
39254,162,48,0,0,59996,0,Pyote town,Pyote
39255,162,48,0,0,60044,0,Quanah city,Quanah
39256,162,48,0,0,60080,0,Queen City city,Queen
39257,162,48,0,0,60140,0,Quinlan city,Quinlan
39258,162,48,0,0,60164,0,Quintana town,Quintana
39259,162,48,0,0,60176,0,Quitaque city,Quitaque
39260,162,48,0,0,60188,0,Quitman city,Quitman
39261,162,48,0,0,60356,0,Ralls city,Ralls
39262,162,48,0,0,60544,0,Rancho Viejo town,Rancho
39263,162,48,0,0,60632,0,Ranger city,Ranger
39264,162,48,0,0,60668,0,Rankin city,Rankin
39265,162,48,0,0,60672,0,Ransom Canyon town,Ransom
39266,162,48,0,0,60752,0,Ravenna city,Ravenna
39267,162,48,0,0,60836,0,Raymondville city,Raymondville
39268,162,48,0,0,61172,0,Red Lick city,Red
39269,162,48,0,0,61196,0,Red Oak city,Red
39270,162,48,0,0,61340,0,Redwater city,Redwater
39271,162,48,0,0,61436,0,Refugio town,Refugio
39272,162,48,0,0,61508,0,Reklaw city,Reklaw
39273,162,48,0,0,61592,0,Reno city,Reno
39274,162,48,0,0,61604,0,Reno city,Reno
39275,162,48,0,0,61616,0,Retreat town,Retreat
39276,162,48,0,0,61700,0,Rhome city,Rhome
39277,162,48,0,0,61736,0,Rice city,Rice
39278,162,48,0,0,61796,0,Richardson city,Richardson
39279,162,48,0,0,61820,0,Richland town,Richland
39280,162,48,0,0,61844,0,Richland Hills city,Richland
39281,162,48,0,0,61880,0,Richland Springs town,Richland
39282,162,48,0,0,61892,0,Richmond city,Richmond
39283,162,48,0,0,61904,0,Richwood city,Richwood
39284,162,48,0,0,62108,0,Riesel city,Riesel
39285,162,48,0,0,62138,0,Rio Bravo city,Rio
39286,162,48,0,0,62168,0,Rio Grande City city,Rio
39287,162,48,0,0,62180,0,Rio Hondo city,Rio
39288,162,48,0,0,62240,0,Rio Vista city,Rio
39289,162,48,0,0,62252,0,Rising Star town,Rising
39290,162,48,0,0,62384,0,River Oaks city,River
39291,162,48,0,0,62408,0,Riverside city,Riverside
39292,162,48,0,0,62504,0,Roanoke city,Roanoke
39293,162,48,0,0,62528,0,Roaring Springs town,Roaring
39294,162,48,0,0,62564,0,Robert Lee city,Robert
39295,162,48,0,0,62588,0,Robinson city,Robinson
39296,162,48,0,0,62600,0,Robstown city,Robstown
39297,162,48,0,0,62612,0,Roby city,Roby
39298,162,48,0,0,62636,0,Rochester town,Rochester
39299,162,48,0,0,62672,0,Rockdale city,Rockdale
39300,162,48,0,0,62804,0,Rockport city,Rockport
39301,162,48,0,0,62816,0,Rocksprings town,Rocksprings
39302,162,48,0,0,62828,0,Rockwall city,Rockwall
39303,162,48,0,0,62870,0,Rocky Mound town,Rocky
39304,162,48,0,0,62924,0,Rogers town,Rogers
39305,162,48,0,0,63008,0,Rollingwood city,Rollingwood
39306,162,48,0,0,63020,0,Roma city,Roma
39307,162,48,0,0,63044,0,Roman Forest town,Roman
39308,162,48,0,0,63140,0,Ropesville city,Ropesville
39309,162,48,0,0,63176,0,Roscoe city,Roscoe
39310,162,48,0,0,63188,0,Rosebud city,Rosebud
39311,162,48,0,0,63200,0,Rose City city,Rose
39312,162,48,0,0,63272,0,Rose Hill Acres city,Rose
39313,162,48,0,0,63284,0,Rosenberg city,Rosenberg
39314,162,48,0,0,63380,0,Ross city,Ross
39315,162,48,0,0,63404,0,Rosser village,Rosser
39316,162,48,0,0,63464,0,Rotan city,Rotan
39317,162,48,0,0,63476,0,Round Mountain town,Round
39318,162,48,0,0,63500,0,Round Rock city,Round
39319,162,48,0,0,63524,0,Round Top town,Round
39320,162,48,0,0,63572,0,Rowlett city,Rowlett
39321,162,48,0,0,63584,0,Roxton city,Roxton
39322,162,48,0,0,63668,0,Royse City city,Royse
39323,162,48,0,0,63752,0,Rule town,Rule
39324,162,48,0,0,63782,0,Runaway Bay city,Runaway
39325,162,48,0,0,63788,0,Runge town,Runge
39326,162,48,0,0,63848,0,Rusk city,Rusk
39327,162,48,0,0,64004,0,Sabinal city,Sabinal
39328,162,48,0,0,64064,0,Sachse city,Sachse
39329,162,48,0,0,64088,0,Sadler city,Sadler
39330,162,48,0,0,64112,0,Saginaw city,Saginaw
39331,162,48,0,0,64172,0,St. Hedwig town,St.
39332,162,48,0,0,64184,0,St. Jo city,St.
39333,162,48,0,0,64220,0,St. Paul town,St.
39334,162,48,0,0,64268,0,Salado village,Salado
39335,162,48,0,0,64472,0,San Angelo city,San
39336,162,48,0,0,65000,0,San Antonio city,San
39337,162,48,0,0,65024,0,San Augustine city,San
39338,162,48,0,0,65036,0,San Benito city,San
39339,162,48,0,0,65066,0,Sanctuary town,Sanctuary
39340,162,48,0,0,65180,0,San Diego city,San
39341,162,48,0,0,65344,0,Sandy Oaks city,Sandy
39342,162,48,0,0,65345,0,Sandy Point city,Sandy
39343,162,48,0,0,65360,0,San Elizario city,San
39344,162,48,0,0,65372,0,San Felipe town,San
39345,162,48,0,0,65384,0,Sanford town,Sanford
39346,162,48,0,0,65408,0,Sanger city,Sanger
39347,162,48,0,0,65516,0,San Juan city,San
39348,162,48,0,0,65552,0,San Leanna village,San
39349,162,48,0,0,65600,0,San Marcos city,San
39350,162,48,0,0,65612,0,San Patricio city,San
39351,162,48,0,0,65636,0,San Perlita city,San
39352,162,48,0,0,65648,0,San Saba city,San
39353,162,48,0,0,65660,0,Sansom Park city,Sansom
39354,162,48,0,0,65672,0,Santa Anna town,Santa
39355,162,48,0,0,65690,0,Santa Clara city,Santa
39356,162,48,0,0,65726,0,Santa Fe city,Santa
39357,162,48,0,0,65768,0,Santa Rosa town,Santa
39358,162,48,0,0,66008,0,Savoy city,Savoy
39359,162,48,0,0,66128,0,Schertz city,Schertz
39360,162,48,0,0,66188,0,Schulenburg city,Schulenburg
39361,162,48,0,0,66284,0,Scotland city,Scotland
39362,162,48,0,0,66332,0,Scottsville city,Scottsville
39363,162,48,0,0,66368,0,Scurry town,Scurry
39364,162,48,0,0,66392,0,Seabrook city,Seabrook
39365,162,48,0,0,66416,0,Seadrift city,Seadrift
39366,162,48,0,0,66428,0,Seagoville city,Seagoville
39367,162,48,0,0,66440,0,Seagraves city,Seagraves
39368,162,48,0,0,66464,0,Sealy city,Sealy
39369,162,48,0,0,66644,0,Seguin city,Seguin
39370,162,48,0,0,66704,0,Selma city,Selma
39371,162,48,0,0,66764,0,Seminole city,Seminole
39372,162,48,0,0,66884,0,Seven Oaks city,Seven
39373,162,48,0,0,66908,0,Seven Points city,Seven
39374,162,48,0,0,66968,0,Seymour city,Seymour
39375,162,48,0,0,67100,0,Shady Shores town,Shady
39376,162,48,0,0,67136,0,Shallowater city,Shallowater
39377,162,48,0,0,67160,0,Shamrock city,Shamrock
39378,162,48,0,0,67268,0,Shavano Park city,Shavano
39379,162,48,0,0,67400,0,Shenandoah city,Shenandoah
39380,162,48,0,0,67424,0,Shepherd city,Shepherd
39381,162,48,0,0,67496,0,Sherman city,Sherman
39382,162,48,0,0,67640,0,Shiner city,Shiner
39383,162,48,0,0,67688,0,Shoreacres city,Shoreacres
39384,162,48,0,0,67832,0,Silsbee city,Silsbee
39385,162,48,0,0,67904,0,Silverton city,Silverton
39386,162,48,0,0,67964,0,Simonton city,Simonton
39387,162,48,0,0,68036,0,Sinton city,Sinton
39388,162,48,0,0,68120,0,Skellytown town,Skellytown
39389,162,48,0,0,68180,0,Slaton city,Slaton
39390,162,48,0,0,68300,0,Smiley city,Smiley
39391,162,48,0,0,68456,0,Smithville city,Smithville
39392,162,48,0,0,68504,0,Smyer town,Smyer
39393,162,48,0,0,68576,0,Snook city,Snook
39394,162,48,0,0,68624,0,Snyder city,Snyder
39395,162,48,0,0,68636,0,Socorro city,Socorro
39396,162,48,0,0,68708,0,Somerset city,Somerset
39397,162,48,0,0,68720,0,Somerville city,Somerville
39398,162,48,0,0,68756,0,Sonora city,Sonora
39399,162,48,0,0,68828,0,Sour Lake city,Sour
39400,162,48,0,0,69020,0,South Houston city,South
39401,162,48,0,0,69032,0,Southlake city,Southlake
39402,162,48,0,0,69104,0,Southmayd city,Southmayd
39403,162,48,0,0,69120,0,South Mountain town,South
39404,162,48,0,0,69140,0,South Padre Island town,South
39405,162,48,0,0,69272,0,Southside Place city,Southside
39406,162,48,0,0,69476,0,Spearman city,Spearman
39407,162,48,0,0,69548,0,Splendora city,Splendora
39408,162,48,0,0,69560,0,Spofford city,Spofford
39409,162,48,0,0,69764,0,Springlake town,Springlake
39410,162,48,0,0,69800,0,Springtown city,Springtown
39411,162,48,0,0,69830,0,Spring Valley Village city,Spring
39412,162,48,0,0,69848,0,Spur city,Spur
39413,162,48,0,0,69908,0,Stafford city,Stafford
39414,162,48,0,0,69932,0,Stagecoach town,Stagecoach
39415,162,48,0,0,69980,0,Stamford city,Stamford
39416,162,48,0,0,70040,0,Stanton city,Stanton
39417,162,48,0,0,70052,0,Staples city,Staples
39418,162,48,0,0,70076,0,Star Harbor city,Star
39419,162,48,0,0,70208,0,Stephenville city,Stephenville
39420,162,48,0,0,70232,0,Sterling City city,Sterling
39421,162,48,0,0,70340,0,Stinnett city,Stinnett
39422,162,48,0,0,70376,0,Stockdale city,Stockdale
39423,162,48,0,0,70544,0,Stratford city,Stratford
39424,162,48,0,0,70580,0,Strawn city,Strawn
39425,162,48,0,0,70604,0,Streetman town,Streetman
39426,162,48,0,0,70772,0,Sudan city,Sudan
39427,162,48,0,0,70808,0,Sugar Land city,Sugar
39428,162,48,0,0,70868,0,Sullivan City city,Sullivan
39429,162,48,0,0,70904,0,Sulphur Springs city,Sulphur
39430,162,48,0,0,71060,0,Sundown city,Sundown
39431,162,48,0,0,71156,0,Sunnyvale town,Sunnyvale
39432,162,48,0,0,71180,0,Sunray city,Sunray
39433,162,48,0,0,71228,0,Sunrise Beach Village city,Sunrise
39434,162,48,0,0,71324,0,Sunset Valley city,Sunset
39435,162,48,0,0,71356,0,Sun Valley city,Sun
39436,162,48,0,0,71384,0,Surfside Beach city,Surfside
39437,162,48,0,0,71492,0,Sweeny city,Sweeny
39438,162,48,0,0,71540,0,Sweetwater city,Sweetwater
39439,162,48,0,0,71684,0,Taft city,Taft
39440,162,48,0,0,71708,0,Tahoka city,Tahoka
39441,162,48,0,0,71732,0,Talco city,Talco
39442,162,48,0,0,71756,0,Talty town,Talty
39443,162,48,0,0,71924,0,Tatum city,Tatum
39444,162,48,0,0,71948,0,Taylor city,Taylor
39445,162,48,0,0,71960,0,Taylor Lake Village city,Taylor
39446,162,48,0,0,71966,0,Taylor Landing city,Taylor
39447,162,48,0,0,72020,0,Teague city,Teague
39448,162,48,0,0,72080,0,Tehuacana town,Tehuacana
39449,162,48,0,0,72176,0,Temple city,Temple
39450,162,48,0,0,72188,0,Tenaha town,Tenaha
39451,162,48,0,0,72284,0,Terrell city,Terrell
39452,162,48,0,0,72296,0,Terrell Hills city,Terrell
39453,162,48,0,0,72368,0,Texarkana city,Texarkana
39454,162,48,0,0,72392,0,Texas City city,Texas
39455,162,48,0,0,72464,0,Texhoma city,Texhoma
39456,162,48,0,0,72476,0,Texline town,Texline
39457,162,48,0,0,72530,0,The Colony city,The
39458,162,48,0,0,72578,0,The Hills village,The
39459,162,48,0,0,72740,0,Thompsons town,Thompsons
39460,162,48,0,0,72776,0,Thorndale city,Thorndale
39461,162,48,0,0,72788,0,Thornton town,Thornton
39462,162,48,0,0,72800,0,Thorntonville town,Thorntonville
39463,162,48,0,0,72824,0,Thrall city,Thrall
39464,162,48,0,0,72872,0,Three Rivers city,Three
39465,162,48,0,0,72896,0,Throckmorton town,Throckmorton
39466,162,48,0,0,72989,0,Tiki Island village,Tiki
39467,162,48,0,0,73030,0,Timbercreek Canyon village,Timbercreek
39468,162,48,0,0,73076,0,Timpson city,Timpson
39469,162,48,0,0,73112,0,Tioga town,Tioga
39470,162,48,0,0,73124,0,Tira town,Tira
39471,162,48,0,0,73196,0,Toco city,Toco
39472,162,48,0,0,73224,0,Todd Mission city,Todd
39473,162,48,0,0,73268,0,Tolar city,Tolar
39474,162,48,0,0,73316,0,Tomball city,Tomball
39475,162,48,0,0,73328,0,Tom Bean city,Tom
39476,162,48,0,0,73352,0,Tool city,Tool
39477,162,48,0,0,73496,0,Toyah town,Toyah
39478,162,48,0,0,73580,0,Trent town,Trent
39479,162,48,0,0,73592,0,Trenton city,Trenton
39480,162,48,0,0,73652,0,Trinidad city,Trinidad
39481,162,48,0,0,73664,0,Trinity city,Trinity
39482,162,48,0,0,73710,0,Trophy Club town,Trophy
39483,162,48,0,0,73724,0,Troup city,Troup
39484,162,48,0,0,73748,0,Troy city,Troy
39485,162,48,0,0,73868,0,Tulia city,Tulia
39486,162,48,0,0,73964,0,Turkey city,Turkey
39487,162,48,0,0,74048,0,Tuscola city,Tuscola
39488,162,48,0,0,74132,0,Tye city,Tye
39489,162,48,0,0,74144,0,Tyler city,Tyler
39490,162,48,0,0,74216,0,Uhland city,Uhland
39491,162,48,0,0,74240,0,Uncertain city,Uncertain
39492,162,48,0,0,74312,0,Union Grove city,Union
39493,162,48,0,0,74372,0,Union Valley city,Union
39494,162,48,0,0,74408,0,Universal City city,Universal
39495,162,48,0,0,74492,0,University Park city,University
39496,162,48,0,0,74588,0,Uvalde city,Uvalde
39497,162,48,0,0,74648,0,Valentine town,Valentine
39498,162,48,0,0,74732,0,Valley Mills city,Valley
39499,162,48,0,0,74756,0,Valley View city,Valley
39500,162,48,0,0,74912,0,Van city,Van
39501,162,48,0,0,74924,0,Van Alstyne city,Van
39502,162,48,0,0,75032,0,Van Horn town,Van
39503,162,48,0,0,75188,0,Vega city,Vega
39504,162,48,0,0,75236,0,Venus town,Venus
39505,162,48,0,0,75308,0,Vernon city,Vernon
39506,162,48,0,0,75428,0,Victoria city,Victoria
39507,162,48,0,0,75476,0,Vidor city,Vidor
39508,162,48,0,0,75668,0,Vinton village,Vinton
39509,162,48,0,0,75752,0,Volente village,Volente
39510,162,48,0,0,75764,0,Von Ormy city,Von
39511,162,48,0,0,76000,0,Waco city,Waco
39512,162,48,0,0,76024,0,Waelder city,Waelder
39513,162,48,0,0,76096,0,Wake Village city,Wake
39514,162,48,0,0,76228,0,Waller city,Waller
39515,162,48,0,0,76240,0,Wallis city,Wallis
39516,162,48,0,0,76348,0,Walnut Springs city,Walnut
39517,162,48,0,0,76576,0,Warren City city,Warren
39518,162,48,0,0,76636,0,Waskom city,Waskom
39519,162,48,0,0,76672,0,Watauga city,Watauga
39520,162,48,0,0,76816,0,Waxahachie city,Waxahachie
39521,162,48,0,0,76864,0,Weatherford city,Weatherford
39522,162,48,0,0,76924,0,Webberville village,Webberville
39523,162,48,0,0,76948,0,Webster city,Webster
39524,162,48,0,0,77020,0,Weimar city,Weimar
39525,162,48,0,0,77044,0,Weinert city,Weinert
39526,162,48,0,0,77056,0,Weir city,Weir
39527,162,48,0,0,77152,0,Wellington city,Wellington
39528,162,48,0,0,77164,0,Wellman city,Wellman
39529,162,48,0,0,77176,0,Wells town,Wells
39530,162,48,0,0,77272,0,Weslaco city,Weslaco
39531,162,48,0,0,77332,0,West city,West
39532,162,48,0,0,77380,0,Westbrook city,Westbrook
39533,162,48,0,0,77416,0,West Columbia city,West
39534,162,48,0,0,77620,0,Westlake town,Westlake
39535,162,48,0,0,77632,0,West Lake Hills city,West
39536,162,48,0,0,77740,0,Weston city,Weston
39537,162,48,0,0,77746,0,Weston Lakes city,Weston
39538,162,48,0,0,77752,0,West Orange city,West
39539,162,48,0,0,77788,0,Westover Hills town,Westover
39540,162,48,0,0,77896,0,West Tawakoni city,West
39541,162,48,0,0,77956,0,West University Place city,West
39542,162,48,0,0,78076,0,Westworth Village city,Westworth
39543,162,48,0,0,78136,0,Wharton city,Wharton
39544,162,48,0,0,78208,0,Wheeler city,Wheeler
39545,162,48,0,0,78316,0,White Deer town,White
39546,162,48,0,0,78328,0,Whiteface town,Whiteface
39547,162,48,0,0,78388,0,Whitehouse city,Whitehouse
39548,162,48,0,0,78436,0,White Oak city,White
39549,162,48,0,0,78532,0,Whitesboro city,Whitesboro
39550,162,48,0,0,78544,0,White Settlement city,White
39551,162,48,0,0,78628,0,Whitewright town,Whitewright
39552,162,48,0,0,78664,0,Whitney town,Whitney
39553,162,48,0,0,79000,0,Wichita Falls city,Wichita
39554,162,48,0,0,79036,0,Wickett town,Wickett
39555,162,48,0,0,79408,0,Willis city,Willis
39556,162,48,0,0,79492,0,Willow Park city,Willow
39557,162,48,0,0,79564,0,Wills Point city,Wills
39558,162,48,0,0,79576,0,Wilmer city,Wilmer
39559,162,48,0,0,79612,0,Wilson city,Wilson
39560,162,48,0,0,79624,0,Wimberley city,Wimberley
39561,162,48,0,0,79672,0,Windcrest city,Windcrest
39562,162,48,0,0,79684,0,Windom town,Windom
39563,162,48,0,0,79696,0,Windthorst town,Windthorst
39564,162,48,0,0,79720,0,Winfield city,Winfield
39565,162,48,0,0,79768,0,Wink city,Wink
39566,162,48,0,0,79816,0,Winnsboro city,Winnsboro
39567,162,48,0,0,79828,0,Winona town,Winona
39568,162,48,0,0,79876,0,Winters city,Winters
39569,162,48,0,0,79919,0,Wixon Valley city,Wixon
39570,162,48,0,0,79948,0,Wolfe City city,Wolfe
39571,162,48,0,0,79972,0,Wolfforth city,Wolfforth
39572,162,48,0,0,80044,0,Woodbranch city,Woodbranch
39573,162,48,0,0,80058,0,Woodcreek city,Woodcreek
39574,162,48,0,0,80144,0,Woodloch town,Woodloch
39575,162,48,0,0,80176,0,Woodsboro town,Woodsboro
39576,162,48,0,0,80188,0,Woodson town,Woodson
39577,162,48,0,0,80212,0,Woodville town,Woodville
39578,162,48,0,0,80224,0,Woodway city,Woodway
39579,162,48,0,0,80296,0,Wortham town,Wortham
39580,162,48,0,0,80356,0,Wylie city,Wylie
39581,162,48,0,0,80440,0,Yantis town,Yantis
39582,162,48,0,0,80560,0,Yoakum city,Yoakum
39583,162,48,0,0,80584,0,Yorktown city,Yorktown
39584,162,48,0,0,80728,0,Zavalla city,Zavalla
